ticker,source_timestamp,spot,strike,percent_from_spot,net_gex,total_gex,call_gex,put_gex,call_oi,put_oi,total_oi,call_contracts,put_contracts,expirations,call_volume,put_volume,total_volume,flow_trades,flow_size,flow_premium,flow_net_premium,flow_call_premium,flow_put_premium,flow_sweep_count,flow_block_count,flow_avg_heat
QQQ,2026-09-22 08:03:27.534334682+00:00,740.745,641.0,-13.465497573388955,-218687.2045735917,221197.50155501522,1255.148490711767,-219942.35306430346,2.0,295.0,297.0,3,3,3,0.0,0.0,0.0,0,0,0,0,0,0,0,0,0
QQQ,2026-09-22 08:03:27.534334682+00:00,740.745,642.0,-13.330498349634489,-43930.88336119894,52486.00576352718,4277.561201164119,-48208.44456236306,6.0,57.0,63.0,3,3,3,0.0,0.0,0.0,0,0,0,0,0,0,0,0,0
QQQ,2026-09-22 08:03:27.534334682+00:00,740.745,643.0,-13.195499125880028,-64342.58177710599,76031.54061998303,5844.4794214385165,-70187.0611985445,8.0,80.0,88.0,3,3,3,0.0,0.0,0.0,0,0,0,0,0,0,0,0,0
QQQ,2026-09-22 08:03:27.534334682+00:00,740.745,644.0,-13.060499902125564,-60078.81610072825,69925.69788695559,4923.440893113673,-65002.25699384192,6.0,80.0,86.0,3,3,3,0.0,0.0,0.0,0,0,0,0,0,0,0,0,0
QQQ,2026-09-22 08:03:27.534334682+00:00,740.745,645.0,-12.9255006783711,-36954606.840780616,66760763.208792225,14903078.184005806,-51857685.02478642,14910.0,57738.0,72648.0,30,30,30,2.0,16.0,18.0,0,0,0,0,0,0,0,0,0
QQQ,2026-09-22 08:03:27.534334682+00:00,740.745,646.0,-12.790501454616637,-50057.8848337825,64179.11394184126,7060.61455402938,-57118.49938781188,11.0,64.0,75.0,3,3,3,0.0,0.0,0.0,0,0,0,0,0,0,0,0,0
QQQ,2026-09-22 08:03:27.534334682+00:00,740.745,647.0,-12.655502230862172,-163489.89439078333,171865.16355205618,4187.634580636421,-167677.52897141973,5.0,229.0,234.0,3,3,3,0.0,0.0,0.0,0,0,0,0,0,0,0,0,0
QQQ,2026-09-22 08:03:27.534334682+00:00,740.745,648.0,-12.520503007107708,-226864.0824061473,252212.00029249646,12673.958943174577,-239538.0413493219,18.0,284.0,302.0,3,3,3,0.0,0.0,0.0,0,0,0,0,0,0,0,0,0
QQQ,2026-09-22 08:03:27.534334682+00:00,740.745,649.0,-12.385503783353247,-124629.59550031775,142200.94486842453,8785.674684053385,-133415.27018437115,13.0,140.0,153.0,3,3,3,0.0,0.0,0.0,0,0,0,0,0,0,0,0,0
QQQ,2026-09-22 08:03:27.534334682+00:00,740.745,650.0,-12.250504559598783,-160719764.76974142,239826963.39294046,39553599.31159952,-200273364.08134094,38903.0,224267.0,263170.0,30,30,30,1.0,6.0,7.0,0,0,0,0,0,0,0,0,0
QQQ,2026-09-22 08:03:27.534334682+00:00,740.745,651.0,-12.115505335844318,-618164.3680606375,628656.6694508054,5246.15069508392,-623410.5187557215,8.0,816.0,824.0,4,4,4,0.0,0.0,0.0,0,0,0,0,0,0,0,0,0
QQQ,2026-09-22 08:03:27.534334682+00:00,740.745,652.0,-11.980506112089856,-805606.2916891177,993554.1521008584,93973.93020587033,-899580.2218949881,110.0,1102.0,1212.0,4,4,4,0.0,0.0,0.0,0,0,0,0,0,0,0,0,0
QQQ,2026-09-22 08:03:27.534334682+00:00,740.745,653.0,-11.845506888335393,-727641.1137183143,898109.1308469669,85234.0085643262,-812875.1222826407,105.0,973.0,1078.0,4,4,4,0.0,0.0,0.0,0,0,0,0,0,0,0,0,0
QQQ,2026-09-22 08:03:27.534334682+00:00,740.745,654.0,-11.71050766458093,-791482.7187735689,820354.0731545964,14435.67719051374,-805918.3959640826,20.0,885.0,905.0,4,4,4,0.0,0.0,0.0,0,0,0,0,0,0,0,0,0
QQQ,2026-09-22 08:03:27.534334682+00:00,740.745,655.0,-11.575508440826464,-62454920.089230224,103541922.18521702,20543501.047993403,-82998421.13722363,18693.0,88607.0,107300.0,30,30,30,2.0,7.0,9.0,0,0,0,0,0,0,0,0,0
QQQ,2026-09-22 08:03:27.534334682+00:00,740.745,656.0,-11.440509217072002,-1904644.2926308205,2189183.4594998714,142269.58343452535,-2046913.876065346,138.0,2206.0,2344.0,4,4,4,0.0,0.0,0.0,0,0,0,0,0,0,0,0,0
QQQ,2026-09-22 08:03:27.534334682+00:00,740.745,657.0,-11.30550999331754,-807880.2266992625,855997.655610221,24058.71445547925,-831938.9411547418,27.0,970.0,997.0,4,4,4,0.0,0.0,0.0,0,0,0,0,0,0,0,0,0
QQQ,2026-09-22 08:03:27.534334682+00:00,740.745,658.0,-11.170510769563077,-651221.309217457,690208.8929975095,19493.791890026296,-670715.1011074833,22.0,730.0,752.0,4,4,4,0.0,0.0,0.0,0,0,0,0,0,0,0,0,0
QQQ,2026-09-22 08:03:27.534334682+00:00,740.745,659.0,-11.035511545808612,-941033.836365723,1051794.0664480592,55380.11504116806,-996413.9514068911,76.0,941.0,1017.0,5,5,5,0.0,2.0,2.0,0,0,0,0,0,0,0,0,0
QQQ,2026-09-22 08:03:27.534334682+00:00,740.745,660.0,-10.900512322054148,-371585674.78660464,458039098.68536484,43226711.94938012,-414812386.7359847,36326.0,341742.0,378068.0,30,30,30,2.0,31.0,33.0,0,0,0,0,0,0,0,0,0
QQQ,2026-09-22 08:03:27.534334682+00:00,740.745,661.0,-10.765513098299685,-1062767.0567401405,1115937.2674617257,26585.105360792557,-1089352.162100933,24.0,1410.0,1434.0,8,8,8,0.0,4.0,4.0,0,0,0,0,0,0,0,0,0
QQQ,2026-09-22 08:03:27.534334682+00:00,740.745,662.0,-10.630513874545223,-3243611.6392481527,3326211.9287330257,41300.14474243663,-3284911.783990589,67.0,3662.0,3729.0,8,8,8,0.0,0.0,0.0,0,0,0,0,0,0,0,0,0
QQQ,2026-09-22 08:03:27.534334682+00:00,740.745,663.0,-10.495514650790758,-1310163.9892960808,1342300.9403798566,16068.47554188796,-1326232.4648379686,17.0,1477.0,1494.0,8,8,8,0.0,20.0,20.0,0,0,0,0,0,0,0,0,0
QQQ,2026-09-22 08:03:27.534334682+00:00,740.745,664.0,-10.360515427036294,-2883271.019644429,3051074.396070465,83901.68821301806,-2967172.707857447,100.0,3072.0,3172.0,8,8,8,0.0,4.0,4.0,0,0,0,0,0,0,0,0,0
QQQ,2026-09-22 08:03:27.534334682+00:00,740.745,665.0,-10.225516203281831,-63932878.077860355,113017914.53727406,24542518.229706854,-88475396.30756721,19741.0,108165.0,127906.0,30,30,30,7.0,48.0,55.0,0,0,0,0,0,0,0,0,0
QQQ,2026-09-22 08:03:27.534334682+00:00,740.745,666.0,-10.090516979527369,-1483577.086076671,1546370.845136776,31396.879530052498,-1514973.9656067237,26.0,2716.0,2742.0,10,10,10,28.0,12.0,40.0,0,0,0,0,0,0,0,0,0
QQQ,2026-09-22 08:03:27.534334682+00:00,740.745,667.0,-9.955517755772906,-1702041.5086945565,1817781.4584933985,57869.97489942102,-1759911.4835939775,55.0,2743.0,2798.0,11,11,11,2.0,23.0,25.0,0,0,0,0,0,0,0,0,0
QQQ,2026-09-22 08:03:27.534334682+00:00,740.745,668.0,-9.820518532018442,-1718486.451128519,1824759.388514497,53136.46869298908,-1771622.919821508,50.0,2271.0,2321.0,11,11,11,2.0,8.0,10.0,0,0,0,0,0,0,0,0,0
QQQ,2026-09-22 08:03:27.534334682+00:00,740.745,669.0,-9.685519308263977,-1809477.3574457811,1874396.9225567842,32459.782555501537,-1841937.1400012828,30.0,2956.0,2986.0,11,11,11,1.0,14.0,15.0,0,0,0,0,0,0,0,0,0
QQQ,2026-09-22 08:03:27.534334682+00:00,740.745,670.0,-9.550520084509515,-153006340.9912186,224501316.2498199,35747487.62930067,-188753828.62051925,26993.0,149985.0,176978.0,30,30,30,31.0,91.0,122.0,0,0,0,0,0,0,0,0,0
QQQ,2026-09-22 08:03:27.534334682+00:00,740.745,671.0,-9.415520860755052,-1981519.1101680691,2111337.063147011,64908.97648947102,-2046428.0866575402,51.0,3226.0,3277.0,11,11,11,8.0,3.0,11.0,0,0,0,0,0,0,0,0,0
QQQ,2026-09-22 08:03:27.534334682+00:00,740.745,672.0,-9.280521637000588,-1766219.9136821714,2264987.7284325683,249383.90737519838,-2015603.8210573697,214.0,3252.0,3466.0,11,11,11,6.0,143.0,149.0,0,0,0,0,0,0,0,0,0
QQQ,2026-09-22 08:03:27.534334682+00:00,740.745,673.0,-9.145522413246123,-6113006.048095737,6549054.071609772,218024.0117570174,-6331030.059852754,168.0,5525.0,5693.0,11,11,11,4.0,1387.0,1391.0,0,0,0,0,0,0,0,0,0
QQQ,2026-09-22 08:03:27.534334682+00:00,740.745,674.0,-9.01052318949166,-5239757.203978838,5500003.3160291985,130123.05602517977,-5369880.260004018,100.0,5650.0,5750.0,11,11,11,4.0,927.0,931.0,0,0,0,0,0,0,0,0,0
QQQ,2026-09-22 08:03:27.534334682+00:00,740.745,675.0,-8.875523965737198,-128922443.17221487,178018715.94893017,24548136.388357654,-153470579.56057253,17739.0,113643.0,131382.0,30,30,30,1.0,2478.0,2479.0,0,0,0,0,0,0,0,0,0
QQQ,2026-09-22 08:03:27.534334682+00:00,740.745,676.0,-8.740524741982734,-27050861.76353407,27355601.862851407,152370.04965866936,-27203231.813192736,106.0,27344.0,27450.0,14,14,14,46.0,1068.0,1114.0,0,0,0,0,0,0,0,0,0
QQQ,2026-09-22 08:03:27.534334682+00:00,740.745,677.0,-8.605525518228271,-11534575.929924324,12412327.80256073,438875.936318203,-11973451.866242526,292.0,9221.0,9513.0,14,14,14,6.0,251.0,257.0,0,0,0,0,0,0,0,0,0
QQQ,2026-09-22 08:03:27.534334682+00:00,740.745,678.0,-8.470526294473807,-4671640.273314476,5085362.215693442,206860.97118948278,-4878501.244503959,165.0,4108.0,4273.0,14,14,14,16.0,72.0,88.0,0,0,0,0,0,0,0,0,0
QQQ,2026-09-22 08:03:27.534334682+00:00,740.745,679.0,-8.335527070719344,-3924732.1404467723,4590636.463120487,332952.161336857,-4257684.30178363,214.0,3736.0,3950.0,14,14,14,20.0,440.0,460.0,0,0,0,0,0,0,0,0,0
QQQ,2026-09-22 08:03:27.534334682+00:00,740.745,680.0,-8.200527846964881,-354716957.1421987,478852179.6245324,62067611.24116686,-416784568.3833655,41239.0,264312.0,305551.0,30,30,30,2.0,540.0,542.0,0,0,0,0,0,0,0,0,0
QQQ,2026-09-22 08:03:27.534334682+00:00,740.745,681.0,-8.065528623210417,-18922755.460160796,19418279.08704795,247761.81344357715,-19170517.27360437,200.0,18855.0,19055.0,14,14,14,40.0,309.0,349.0,0,0,0,0,0,0,0,0,0
QQQ,2026-09-22 08:03:27.534334682+00:00,740.745,682.0,-7.930529399455953,-7861512.885606397,8684264.337867316,411375.7261304592,-8272888.611736856,264.0,7000.0,7264.0,14,14,14,52.0,209.0,261.0,0,0,0,0,0,0,0,0,0
QQQ,2026-09-22 08:03:27.534334682+00:00,740.745,683.0,-7.79553017570149,-8315970.430270546,9046213.046912206,365121.3083208299,-8681091.738591377,214.0,9079.0,9293.0,14,14,14,170.0,329.0,499.0,0,0,0,0,0,0,0,0,0
QQQ,2026-09-22 08:03:27.534334682+00:00,740.745,684.0,-7.660530951947027,-3593331.9812529213,4256382.71722206,331525.3679845694,-3924857.3492374904,213.0,4156.0,4369.0,14,14,14,4.0,145.0,149.0,0,0,0,0,0,0,0,0,0
QQQ,2026-09-22 08:03:27.534334682+00:00,740.745,685.0,-7.525531728192564,-71548869.3457642,117321619.83201179,22886375.24312379,-94435244.58888799,14578.0,63940.0,78518.0,30,30,30,14.0,226.0,240.0,0,0,0,0,0,0,0,0,0
QQQ,2026-09-22 08:03:27.534334682+00:00,740.745,686.0,-7.3905325044381005,-5459275.581332014,6534183.287990014,537453.8533290001,-5996729.434661014,322.0,5727.0,6049.0,14,14,14,1.0,248.0,249.0,0,0,0,0,0,0,0,0,0
QQQ,2026-09-22 08:03:27.534334682+00:00,740.745,687.0,-7.255533280683636,-25127438.94862597,26637665.974062853,755113.5127184407,-25882552.46134441,472.0,20949.0,21421.0,14,14,14,1.0,950.0,951.0,0,0,0,0,0,0,0,0,0
QQQ,2026-09-22 08:03:27.534334682+00:00,740.745,688.0,-7.1205340569291735,-5821278.653880644,6464000.760791204,321361.0534552801,-6142639.707335924,171.0,5701.0,5872.0,14,14,14,1.0,1077.0,1078.0,0,0,0,0,0,0,0,0,0
QQQ,2026-09-22 08:03:27.534334682+00:00,740.745,689.0,-6.98553483317471,-10086796.105076492,11668383.74792194,790793.821422725,-10877589.926499216,443.0,7470.0,7913.0,14,14,14,230.0,271.0,501.0,0,0,0,0,0,0,0,0,0
QQQ,2026-09-22 08:03:27.534334682+00:00,740.745,690.0,-6.8505356094202465,-337817894.49845606,471904699.24391156,67043402.37272777,-404861296.8711838,38381.0,272762.0,311143.0,30,30,30,1.0,3806.0,3807.0,0,0,0,0,0,0,0,0,0
QQQ,2026-09-22 08:03:27.534334682+00:00,740.745,691.0,-6.715536385665782,-5790401.805811353,6853364.207396739,531481.2007926931,-6321883.006604046,287.0,4587.0,4874.0,14,14,14,1.0,3257.0,3258.0,0,0,0,0,0,0,0,0,0
QQQ,2026-09-22 08:03:27.534334682+00:00,740.745,692.0,-6.5805371619113195,-5069401.416903461,7266029.203789664,1098313.8934431018,-6167715.310346563,510.0,4561.0,5071.0,14,14,14,4.0,386.0,390.0,0,0,0,0,0,0,0,0,0
QQQ,2026-09-22 08:03:27.534334682+00:00,740.745,693.0,-6.445537938156856,-9378356.662411619,10988591.109985437,805117.2237869087,-10183473.886198528,356.0,7276.0,7632.0,14,14,14,3.0,719.0,722.0,0,0,0,0,0,0,0,0,0
QQQ,2026-09-22 08:03:27.534334682+00:00,740.745,694.0,-6.3105387144023934,-5807311.302953586,7914850.595645765,1053769.6463460897,-6861080.949299675,502.0,4502.0,5004.0,14,14,14,0.0,1097.0,1097.0,0,0,0,0,0,0,0,0,0
QQQ,2026-09-22 08:03:27.534334682+00:00,740.745,695.0,-6.175539490647929,-196638362.5763366,240375776.3510071,21868706.88733525,-218507069.46367183,12675.0,105733.0,118408.0,30,30,30,36.0,912.0,948.0,0,0,0,0,0,0,0,0,0
QQQ,2026-09-22 08:03:27.534334682+00:00,740.745,696.0,-6.0405402668934665,-14740752.759216031,16328489.79526885,793868.5180264101,-15534621.27724244,336.0,9907.0,10243.0,14,14,14,1.0,360.0,361.0,0,0,0,0,0,0,0,0,0
QQQ,2026-09-22 08:03:27.534334682+00:00,740.745,697.0,-5.905541043139002,-8546269.707292128,11068081.180053148,1260905.736380509,-9807175.443672638,588.0,7265.0,7853.0,14,14,14,1.0,452.0,453.0,0,0,0,0,0,0,0,0,0
QQQ,2026-09-22 08:03:27.534334682+00:00,740.745,698.0,-5.7705418193845395,-6615139.334255482,9476844.059000589,1430852.3623725537,-8045991.696628036,582.0,4807.0,5389.0,14,14,14,5.0,11971.0,11976.0,0,0,0,0,0,0,0,0,0
QQQ,2026-09-22 08:03:27.534334682+00:00,740.745,699.0,-5.635542595630075,-12427948.999064498,15188522.580608575,1380286.7907720383,-13808235.789836535,588.0,9296.0,9884.0,14,14,14,1.0,11819.0,11820.0,0,0,0,0,0,0,0,0,0
QQQ,2026-09-22 08:03:27.534334682+00:00,740.745,700.0,-5.5005433718756125,-418538584.2807864,811280805.8733703,196371110.79629195,-614909695.0770783,100956.0,298995.0,399951.0,30,30,30,63.0,1429.0,1492.0,0,0,0,0,0,0,0,0,0
QQQ,2026-09-22 08:03:27.534334682+00:00,740.745,701.0,-5.365544148121149,-8979656.014423773,14723557.136048641,2871950.560812434,-11851606.575236207,1095.0,6919.0,8014.0,14,14,14,1.0,371.0,372.0,0,0,0,0,0,0,0,0,0
QQQ,2026-09-22 08:03:27.534334682+00:00,740.745,702.0,-5.2305449243666855,-26695719.554570716,34758232.70406333,4031256.5747463065,-30726976.129317023,1647.0,12301.0,13948.0,14,14,14,14.0,1879.0,1893.0,0,0,0,0,0,0,0,0,0
QQQ,2026-09-22 08:03:27.534334682+00:00,740.745,703.0,-5.095545700612222,-6540445.015918766,14425774.681696953,3942664.8328890936,-10483109.84880786,1498.0,5199.0,6697.0,14,14,14,14.0,633.0,647.0,0,0,0,0,0,0,0,0,0
QQQ,2026-09-22 08:03:27.534334682+00:00,740.745,704.0,-4.9605464768577585,-12969729.380966214,23169082.99852825,5099676.808781017,-18069406.189747233,1953.0,8164.0,10117.0,14,14,14,21.0,805.0,826.0,0,0,0,0,0,0,0,0,0
QQQ,2026-09-22 08:03:27.534334682+00:00,740.745,705.0,-4.825547253103295,-313317601.69518125,448125024.42361504,67403711.36421688,-380721313.0593982,29437.0,146715.0,176152.0,30,30,30,40.0,920.0,960.0,0,0,0,0,0,0,0,0,0
QQQ,2026-09-22 08:03:27.534334682+00:00,740.745,706.0,-4.6905480293488315,-14823580.542993534,31654138.851683065,8415279.154344765,-23238859.697338298,2821.0,9058.0,11879.0,15,15,15,1.0,1860.0,1861.0,0,0,0,0,0,0,0,0,0
QQQ,2026-09-22 08:03:27.534334682+00:00,740.745,707.0,-4.555548805594369,-22023914.37089214,44129828.30679813,11052956.967952996,-33076871.338845138,3540.0,11825.0,15365.0,15,15,15,13.0,2402.0,2415.0,0,0,0,0,0,0,0,0,0
QQQ,2026-09-22 08:03:27.534334682+00:00,740.745,708.0,-4.4205495818399045,-23415864.345347445,48864735.873602055,12724435.764127305,-36140300.10947475,3970.0,12832.0,16802.0,15,15,15,4.0,1438.0,1442.0,0,0,0,0,0,0,0,0,0
QQQ,2026-09-22 08:03:27.534334682+00:00,740.745,709.0,-4.285550358085442,-23492452.439072683,49981402.89210819,13244475.226517754,-36736927.665590435,4012.0,12250.0,16262.0,15,15,15,2.0,1244.0,1246.0,0,0,0,0,0,0,0,0,0
QQQ,2026-09-22 08:03:27.534334682+00:00,740.745,710.0,-4.150551134330978,-171814851.52862105,441968778.623389,135076963.547384,-306891815.07600504,48780.0,111821.0,160601.0,31,31,31,30.0,3762.0,3792.0,0,0,0,0,0,0,0,0,0
QQQ,2026-09-22 08:03:27.534334682+00:00,740.745,711.0,-4.015551910576515,-23872773.93082366,59203040.87102782,17665133.47010208,-41537907.40092574,5404.0,12471.0,17875.0,15,15,15,25.0,1657.0,1682.0,0,0,0,0,0,0,0,0,0
QQQ,2026-09-22 08:03:27.534334682+00:00,740.745,712.0,-3.8805526868220515,-25336106.282347787,125483507.71768558,50073700.71766889,-75409807.00001669,13329.0,20844.0,34173.0,15,15,15,26.0,2579.0,2605.0,0,0,0,0,0,0,0,0,0
QQQ,2026-09-22 08:03:27.534334682+00:00,740.745,713.0,-3.745553463067588,-79579981.60469905,112088782.9118982,16254400.653599579,-95834382.25829862,4398.0,25217.0,29615.0,15,15,15,19.0,909.0,928.0,0,0,0,0,0,0,0,0,0
QQQ,2026-09-22 08:03:27.534334682+00:00,740.745,714.0,-3.610554239313125,-25138091.19326545,76815559.49297674,25838734.149855647,-50976825.3431211,6822.0,14588.0,21410.0,15,15,15,52.0,2016.0,2068.0,0,0,0,0,0,0,0,0,0
QQQ,2026-09-22 08:03:27.534334682+00:00,740.745,715.0,-3.475555015558661,-177605393.69927752,612661617.4703028,217528111.88551262,-395133505.58479017,71510.0,126939.0,198449.0,31,31,31,198.0,0.0,198.0,0,0,0,0,0,0,0,0,0
QQQ,2026-09-22 08:03:27.534334682+00:00,740.745,716.0,-3.340555791804198,-50940055.46890144,178922672.26522124,63991308.3981599,-114931363.86706133,15043.0,27793.0,42836.0,15,15,15,60.0,0.0,60.0,0,0,0,0,0,0,0,0,0
QQQ,2026-09-22 08:03:27.534334682+00:00,740.745,717.0,-3.205556568049734,-15723816.894304616,101311378.2102075,42793780.657951444,-58517597.55225606,10176.0,14079.0,24255.0,14,14,14,102.0,0.0,102.0,0,0,0,0,0,0,0,0,0
QQQ,2026-09-22 08:03:27.534334682+00:00,740.745,718.0,-3.070557344295271,-52325815.32434303,240377932.97923994,94026058.82744846,-146351874.15179148,20782.0,30805.0,51587.0,15,15,15,157.0,0.0,157.0,0,0,0,0,0,0,0,0,0
QQQ,2026-09-22 08:03:27.534334682+00:00,740.745,719.0,-2.9355581205408074,-4233582.712910431,144606877.12525728,70186647.20617342,-74420229.91908386,14514.0,15274.0,29788.0,15,15,15,205.0,0.0,205.0,0,0,0,0,0,0,0,0,0
QQQ,2026-09-22 08:03:27.534334682+00:00,740.745,720.0,-2.800558896786344,351875679.23089075,801501593.155806,576688636.1933483,-224812956.9624576,140183.0,77715.0,217898.0,30,30,30,868.0,0.0,868.0,0,0,0,0,0,0,0,0,0
QQQ,2026-09-22 08:03:27.534334682+00:00,740.745,721.0,-2.6655596730318805,210981171.167755,280323906.4208689,245652538.79431194,-34671367.62655693,41473.0,6265.0,47738.0,15,15,15,334.0,0.0,334.0,0,0,0,0,0,0,0,0,0
QQQ,2026-09-22 08:03:27.534334682+00:00,740.745,722.0,-2.530560449277417,59167107.80544264,125627796.3693615,92397452.08740208,-33230344.281959433,16567.0,5901.0,22468.0,15,15,15,647.0,0.0,647.0,0,0,0,0,0,0,0,0,0
QQQ,2026-09-22 08:03:27.534334682+00:00,740.745,723.0,-2.395561225522954,63292595.40479823,104737347.98576953,84014971.69528387,-20722376.290485647,14118.0,3463.0,17581.0,15,15,15,911.0,0.0,911.0,0,0,0,0,0,0,0,0,0
QQQ,2026-09-22 08:03:27.534334682+00:00,740.745,724.0,-2.2605620017684904,64067707.05657396,96386190.26146561,80226948.65901978,-16159241.602445826,12623.0,2548.0,15171.0,15,15,15,764.0,0.0,764.0,0,0,0,0,0,0,0,0,0
QQQ,2026-09-22 08:03:27.534334682+00:00,740.745,725.0,-2.125562778014027,598447513.3817557,993992305.6991179,796219909.5404369,-197772396.15868112,142445.0,72397.0,214842.0,31,31,31,2696.0,0.0,2696.0,0,0,0,0,0,0,0,0,0
QQQ,2026-09-22 08:03:27.534334682+00:00,740.745,726.0,-1.9905635542595637,167094159.0041601,190254895.94917086,178674527.4766655,-11580368.47250537,24002.0,2188.0,26190.0,15,15,15,1501.0,0.0,1501.0,0,0,0,0,0,0,0,0,0
QQQ,2026-09-22 08:03:27.534334682+00:00,740.745,727.0,-1.8555643305051002,113734975.12824209,129726503.10705915,121730739.11765063,-7995763.989408534,15570.0,1236.0,16806.0,15,15,15,1663.0,0.0,1663.0,0,0,0,0,0,0,0,0,0
QQQ,2026-09-22 08:03:27.534334682+00:00,740.745,728.0,-1.7205651067506367,109550261.18684092,134920726.4361307,122235493.81148581,-12685232.624644889,14630.0,1840.0,16470.0,15,15,15,4283.0,0.0,4283.0,0,0,0,0,0,0,0,0,0
QQQ,2026-09-22 08:03:27.534334682+00:00,740.745,729.0,-1.5855658829961734,165513254.40064168,178557664.11474317,172035459.25769243,-6522204.85705076,18257.0,820.0,19077.0,15,15,15,6519.0,0.0,6519.0,0,0,0,0,0,0,0,0,0
QQQ,2026-09-22 08:03:27.534334682+00:00,740.745,730.0,-1.45056665924171,852078887.5008109,1165664522.6049738,1008871705.0528923,-156792817.5520815,162177.0,51633.0,213810.0,31,31,31,11051.0,0.0,11051.0,0,0,0,0,0,0,0,0,0
QQQ,2026-09-22 08:03:27.534334682+00:00,740.745,731.0,-1.3155674354872466,184169159.77179113,198322523.70713276,191245841.73946193,-7076681.9676708095,17763.0,1054.0,18817.0,15,15,15,10166.0,0.0,10166.0,0,0,0,0,0,0,0,0,0
QQQ,2026-09-22 08:03:27.534334682+00:00,740.745,732.0,-1.1805682117327831,277817189.70673496,290832364.85317993,284324777.2799575,-6507587.573222463,23748.0,810.0,24558.0,15,15,15,11727.0,0.0,11727.0,0,0,0,0,0,0,0,0,0
QQQ,2026-09-22 08:03:27.534334682+00:00,740.745,733.0,-1.0455689879783197,163078205.4724838,174066464.66468832,168572335.06858608,-5494129.596102239,12982.0,620.0,13602.0,15,15,15,12463.0,0.0,12463.0,0,0,0,0,0,0,0,0,0
QQQ,2026-09-22 08:03:27.534334682+00:00,740.745,734.0,-0.9105697642238564,165306586.79891366,171907919.56107706,168607253.17999536,-3300666.381081698,13296.0,344.0,13640.0,15,15,15,10738.0,0.0,10738.0,0,0,0,0,0,0,0,0,0
QQQ,2026-09-22 08:03:27.534334682+00:00,740.745,735.0,-0.7755705404693929,647602050.7215141,810100605.7103876,728851328.2159508,-81249277.49443674,85932.0,31811.0,117743.0,31,31,31,29474.0,0.0,29474.0,0,0,0,0,0,0,0,0,0
QQQ,2026-09-22 08:03:27.534334682+00:00,740.745,736.0,-0.6405713167149295,159016783.98230147,168060545.265302,163538664.62380174,-4521880.641500267,9856.0,421.0,10277.0,15,15,15,18075.0,0.0,18075.0,0,0,0,0,0,0,0,0,0
QQQ,2026-09-22 08:03:27.534334682+00:00,740.745,737.0,-0.5055720929604661,118035074.0238068,128672622.6330988,123353848.3284528,-5318774.304645992,6948.0,549.0,7497.0,15,15,15,19360.0,0.0,19360.0,0,0,0,0,0,0,0,0,0
QQQ,2026-09-22 08:03:27.534334682+00:00,740.745,738.0,-0.3705728692060027,148175907.60529876,150678671.73665673,149427289.67097774,-1251382.065678988,8380.0,130.0,8510.0,15,15,15,37460.0,0.0,37460.0,0,0,0,0,0,0,0,0,0
QQQ,2026-09-22 08:03:27.534334682+00:00,740.745,739.0,-0.23557364545153925,103645766.32975546,109441128.11875233,106543447.2242539,-2897680.894498435,6383.0,128.0,6511.0,15,15,15,36292.0,0.0,36292.0,0,0,0,0,0,0,0,0,0
QQQ,2026-09-22 08:03:27.534334682+00:00,740.745,740.0,-0.10057442169707584,765575623.5042228,1072912344.3556587,919243983.9299407,-153668360.42571795,148915.0,55353.0,204268.0,31,31,31,62340.0,0.0,62340.0,0,0,0,0,0,0,0,0,0
QQQ,2026-09-22 08:03:27.534334682+00:00,740.745,741.0,0.03442480205738756,100625373.85397032,101280781.68649448,100953077.7702324,-327703.9162620794,4672.0,37.0,4709.0,15,15,15,37298.0,0.0,37298.0,0,0,0,0,0,0,0,0,0
QQQ,2026-09-22 08:03:27.534334682+00:00,740.745,742.0,0.16942402581185098,73261246.15278506,80461168.67826305,76861207.41552407,-3599961.2627389915,5327.0,442.0,5769.0,15,15,15,35949.0,0.0,35949.0,0,0,0,0,0,0,0,0,0
QQQ,2026-09-22 08:03:27.534334682+00:00,740.745,743.0,0.3044232495663144,80034143.81549363,82859900.59267011,81447022.20408188,-1412878.3885882408,5930.0,124.0,6054.0,15,15,15,30766.0,0.0,30766.0,0,0,0,0,0,0,0,0,0
QQQ,2026-09-22 08:03:27.534334682+00:00,740.745,744.0,0.4394224733207778,98904687.43070601,99414673.99298231,99159680.71184416,-254993.28113815305,7610.0,25.0,7635.0,15,15,15,45265.0,0.0,45265.0,0,0,0,0,0,0,0,0,0
QQQ,2026-09-22 08:03:27.534334682+00:00,740.745,745.0,0.5744216970752413,402181096.4081559,477146429.1593885,439663762.7837722,-37482666.37561628,63861.0,14220.0,78081.0,31,31,31,34887.0,0.0,34887.0,0,0,0,0,0,0,0,0,0
QQQ,2026-09-22 08:03:27.534334682+00:00,740.745,746.0,0.7094209208297046,48428064.26779667,49204153.1946831,48816108.731239885,-388044.4634432109,4838.0,42.0,4880.0,14,14,14,17642.0,0.0,17642.0,0,0,0,0,0,0,0,0,0
QQQ,2026-09-22 08:03:27.534334682+00:00,740.745,747.0,0.8444201445841679,40960537.83032454,49845158.85075706,45402848.3405408,-4442310.510216262,5034.0,489.0,5523.0,14,14,14,12546.0,0.0,12546.0,0,0,0,0,0,0,0,0,0
QQQ,2026-09-22 08:03:27.534334682+00:00,740.745,748.0,0.9794193683386314,101944118.6789279,109330663.04630768,105637390.86261779,-3693272.1836898928,8423.0,586.0,9009.0,14,14,14,26025.0,0.0,26025.0,0,0,0,0,0,0,0,0,0
QQQ,2026-09-22 08:03:27.534334682+00:00,740.745,749.0,1.114418592093095,42537662.646871,47341724.375304356,44939693.51108768,-2402030.864216676,4264.0,194.0,4458.0,14,14,14,8630.0,0.0,8630.0,0,0,0,0,0,0,0,0,0
QQQ,2026-09-22 08:03:27.534334682+00:00,740.745,750.0,1.2494178158475584,572571130.5506433,860330564.665424,716450847.6080337,-143879717.0573903,148031.0,66807.0,214838.0,30,30,30,26263.0,0.0,26263.0,0,0,0,0,0,0,0,0,0
QQQ,2026-09-22 08:03:27.534334682+00:00,740.745,751.0,1.3844170396020217,21907006.499872286,23343422.8609953,22625214.68043379,-718208.1805615058,2163.0,73.0,2236.0,14,14,14,4096.0,0.0,4096.0,0,0,0,0,0,0,0,0,0
QQQ,2026-09-22 08:03:27.534334682+00:00,740.745,752.0,1.5194162633564852,49324558.232981555,49565572.70088389,49445065.46693272,-120507.23395116563,5506.0,15.0,5521.0,14,14,14,6357.0,0.0,6357.0,0,0,0,0,0,0,0,0,0
QQQ,2026-09-22 08:03:27.534334682+00:00,740.745,753.0,1.6544154871109484,23305172.498332795,23385544.5994284,23345358.5488806,-40186.0505478031,2747.0,5.0,2752.0,14,14,14,3993.0,0.0,3993.0,0,0,0,0,0,0,0,0,0
QQQ,2026-09-22 08:03:27.534334682+00:00,740.745,754.0,1.789414710865412,11721787.33188252,11798994.613967046,11760390.972924784,-38603.64104226377,1409.0,6.0,1415.0,14,14,14,5551.0,0.0,5551.0,0,0,0,0,0,0,0,0,0
QQQ,2026-09-22 08:03:27.534334682+00:00,740.745,755.0,1.9244139346198754,242708078.7882083,271179070.4750991,256943574.6316537,-14235495.843445405,55791.0,6711.0,62502.0,30,30,30,3083.0,0.0,3083.0,0,0,0,0,0,0,0,0,0
QQQ,2026-09-22 08:03:27.534334682+00:00,740.745,756.0,2.0594131583743387,17991888.204621088,18434739.853933662,18213314.029277373,-221425.8246562868,2801.0,27.0,2828.0,14,14,14,2943.0,0.0,2943.0,0,0,0,0,0,0,0,0,0
QQQ,2026-09-22 08:03:27.534334682+00:00,740.745,757.0,2.194412382128802,18315003.540332038,18365112.424095437,18340057.982213736,-25054.44188170021,4281.0,5.0,4286.0,14,14,14,1837.0,0.0,1837.0,0,0,0,0,0,0,0,0,0
QQQ,2026-09-22 08:03:27.534334682+00:00,740.745,758.0,2.3294116058832652,18547324.64463688,18893887.135622356,18720605.89012962,-173281.24549273824,4729.0,49.0,4778.0,14,14,14,1774.0,0.0,1774.0,0,0,0,0,0,0,0,0,0
QQQ,2026-09-22 08:03:27.534334682+00:00,740.745,759.0,2.4644108296377287,14494442.05732137,14548586.553323647,14521514.30532251,-27072.248001139073,2951.0,4.0,2955.0,14,14,14,755.0,0.0,755.0,0,0,0,0,0,0,0,0,0
QQQ,2026-09-22 08:03:27.534334682+00:00,740.745,760.0,2.599410053392192,302479385.8066997,373626316.3691833,338052851.0879415,-35573465.28124183,94777.0,15092.0,109869.0,30,30,30,4221.0,0.0,4221.0,0,0,0,0,0,0,0,0,0
QQQ,2026-09-22 08:03:27.534334682+00:00,740.745,761.0,2.7344092771466557,1874374.7891580877,1881385.5022393551,1877880.1456987215,-3505.3565406337534,373.0,1.0,374.0,2,2,2,0.0,0.0,0.0,0,0,0,0,0,0,0,0,0
QQQ,2026-09-22 08:03:27.534334682+00:00,740.745,762.0,2.869408500901119,1381925.7401527024,1422231.1030513286,1402078.4216020154,-20152.681449313044,238.0,4.0,242.0,2,2,2,0.0,0.0,0.0,0,0,0,0,0,0,0,0,0
QQQ,2026-09-22 08:03:27.534334682+00:00,740.745,763.0,3.0044077246555827,583119.0067408981,590109.4734326073,586614.2400867527,-3495.2333458545268,103.0,1.0,104.0,2,2,2,0.0,0.0,0.0,0,0,0,0,0,0,0,0,0
QQQ,2026-09-22 08:03:27.534334682+00:00,740.745,764.0,3.1394069484100458,901338.826858319,908317.5158038953,904828.1713311072,-3489.344472788186,167.0,1.0,168.0,2,2,2,0.0,0.0,0.0,0,0,0,0,0,0,0,0,0
QQQ,2026-09-22 08:03:27.534334682+00:00,740.745,765.0,3.2744061721645097,154551958.28603208,188628242.1996209,171590100.2428265,-17038141.956794415,53093.0,7802.0,60895.0,30,30,30,3042.0,0.0,3042.0,0,0,0,0,0,0,0,0,0
QQQ,2026-09-22 08:03:27.534334682+00:00,740.745,766.0,3.4094053959189727,860073.3767529329,860073.3767529329,860073.3767529329,0.0,179.0,0.0,179.0,2,2,2,0.0,0.0,0.0,0,0,0,0,0,0,0,0,0
QQQ,2026-09-22 08:03:27.534334682+00:00,740.745,767.0,3.5444046196734367,1671582.6547546727,1708869.9804573555,1690226.3176060142,-18643.662851341447,359.0,5.0,364.0,2,2,2,0.0,0.0,0.0,0,0,0,0,0,0,0,0,0
QQQ,2026-09-22 08:03:27.534334682+00:00,740.745,768.0,3.6794038434278997,511834.2842669692,511834.2842669692,511834.2842669692,0.0,114.0,0.0,114.0,2,2,2,0.0,0.0,0.0,0,0,0,0,0,0,0,0,0
QQQ,2026-09-22 08:03:27.534334682+00:00,740.745,769.0,3.814403067182363,549581.0292301422,549581.0292301422,549581.0292301422,0.0,132.0,0.0,132.0,2,2,2,0.0,0.0,0.0,0,0,0,0,0,0,0,0,0
QQQ,2026-09-22 08:03:27.534334682+00:00,740.745,770.0,3.9494022909368267,318371780.1712231,354263411.1630233,336317595.6671232,-17945815.495900102,102463.0,7988.0,110451.0,30,30,30,977.0,0.0,977.0,0,0,0,0,0,0,0,0,0
QQQ,2026-09-22 08:03:27.534334682+00:00,740.745,771.0,4.084401514691289,883215.4634705671,896876.5878508491,890046.0256607081,-6830.562190141009,247.0,2.0,249.0,2,2,2,0.0,0.0,0.0,0,0,0,0,0,0,0,0,0
QQQ,2026-09-22 08:03:27.534334682+00:00,740.745,772.0,4.219400738445754,784117.5778890922,838534.6438350299,811326.110862061,-27208.53297296886,241.0,8.0,249.0,2,2,2,0.0,0.0,0.0,0,0,0,0,0,0,0,0,0
QQQ,2026-09-22 08:03:27.534334682+00:00,740.745,773.0,4.354399962200216,153659.20387399517,153659.20387399517,153659.20387399517,0.0,48.0,0.0,48.0,2,2,2,0.0,0.0,0.0,0,0,0,0,0,0,0,0,0
QQQ,2026-09-22 08:03:27.534334682+00:00,740.745,774.0,4.489399185954681,110857.83365111168,110857.83365111168,110857.83365111168,0.0,38.0,0.0,38.0,2,2,2,0.0,0.0,0.0,0,0,0,0,0,0,0,0,0
QQQ,2026-09-22 08:03:27.534334682+00:00,740.745,775.0,4.624398409709143,145745644.737411,175820572.2983284,160783108.51786968,-15037463.7804587,61740.0,7483.0,69223.0,30,30,30,1997.0,0.0,1997.0,0,0,0,0,0,0,0,0,0
QQQ,2026-09-22 08:03:27.534334682+00:00,740.745,776.0,4.759397633463607,497527.8870215788,497527.8870215788,497527.8870215788,0.0,196.0,0.0,196.0,2,2,2,0.0,0.0,0.0,0,0,0,0,0,0,0,0,0
QQQ,2026-09-22 08:03:27.534334682+00:00,740.745,777.0,4.89439685721807,599889.6764514237,606506.8587647056,603198.2676080646,-3308.5911566409395,237.0,1.0,238.0,2,2,2,0.0,0.0,0.0,0,0,0,0,0,0,0,0,0
QQQ,2026-09-22 08:03:27.534334682+00:00,740.745,778.0,5.029396080972534,489810.6924490955,489810.6924490955,489810.6924490955,0.0,224.0,0.0,224.0,2,2,2,0.0,0.0,0.0,0,0,0,0,0,0,0,0,0
QQQ,2026-09-22 08:03:27.534334682+00:00,740.745,779.0,5.164395304726997,268853.2240134735,294963.9225910078,281908.57330224063,-13055.34928876713,133.0,4.0,137.0,2,2,2,0.0,0.0,0.0,0,0,0,0,0,0,0,0,0
QQQ,2026-09-22 08:03:27.534334682+00:00,740.745,780.0,5.299394528481461,175163182.1753345,197842322.81928906,186502752.4973118,-11339570.321977274,73561.0,5943.0,79504.0,30,30,30,555.0,0.0,555.0,0,0,0,0,0,0,0,0,0
QQQ,2026-09-22 08:03:27.534334682+00:00,740.745,781.0,5.434393752235924,270611.41498143715,277046.27915509726,273828.8470682672,-3217.4320868300506,157.0,1.0,158.0,2,2,2,0.0,0.0,0.0,0,0,0,0,0,0,0,0,0
QQQ,2026-09-22 08:03:27.534334682+00:00,740.745,782.0,5.569392975990387,573845.5090841998,573845.5090841998,573845.5090841998,0.0,307.0,0.0,307.0,2,2,2,0.0,0.0,0.0,0,0,0,0,0,0,0,0,0
QQQ,2026-09-22 08:03:27.534334682+00:00,740.745,783.0,5.704392199744851,544512.7069028036,544512.7069028036,544512.7069028036,0.0,320.0,0.0,320.0,2,2,2,0.0,0.0,0.0,0,0,0,0,0,0,0,0,0
QQQ,2026-09-22 08:03:27.534334682+00:00,740.745,784.0,5.839391423499314,357252.0032601644,357252.0032601644,357252.0032601644,0.0,172.0,0.0,172.0,2,2,2,0.0,0.0,0.0,0,0,0,0,0,0,0,0,0
QQQ,2026-09-22 08:03:27.534334682+00:00,740.745,785.0,5.974390647253778,39311569.212822385,49734075.55362801,44522822.383225195,-5211253.170402812,19408.0,3523.0,22931.0,30,30,30,976.0,0.0,976.0,0,0,0,0,0,0,0,0,0
QQQ,2026-09-22 08:03:27.534334682+00:00,740.745,786.0,6.109389871008241,363906.53040730633,363906.53040730633,363906.53040730633,0.0,298.0,0.0,298.0,1,1,1,0.0,0.0,0.0,0,0,0,0,0,0,0,0,0
QQQ,2026-09-22 08:03:27.534334682+00:00,740.745,787.0,6.244389094762704,150956.49600101824,150956.49600101824,150956.49600101824,0.0,130.0,0.0,130.0,1,1,1,0.0,0.0,0.0,0,0,0,0,0,0,0,0,0
QQQ,2026-09-22 08:03:27.534334682+00:00,740.745,788.0,6.379388318517168,152556.79898476854,152556.79898476854,152556.79898476854,0.0,141.0,0.0,141.0,1,1,1,0.0,0.0,0.0,0,0,0,0,0,0,0,0,0
QQQ,2026-09-22 08:03:27.534334682+00:00,740.745,789.0,6.514387542271631,164759.91950223022,164759.91950223022,164759.91950223022,0.0,164.0,0.0,164.0,1,1,1,0.0,0.0,0.0,0,0,0,0,0,0,0,0,0
QQQ,2026-09-22 08:03:27.534334682+00:00,740.745,790.0,6.649386766026094,86998976.6172755,105384340.55631374,96191658.58679461,-9192681.969519118,44109.0,4326.0,48435.0,30,30,30,155.0,0.0,155.0,0,0,0,0,0,0,0,0,0
QQQ,2026-09-22 08:03:27.534334682+00:00,740.745,791.0,6.784385989780558,138761.5777889185,138761.5777889185,138761.5777889185,0.0,158.0,0.0,158.0,1,1,1,0.0,0.0,0.0,0,0,0,0,0,0,0,0,0
QQQ,2026-09-22 08:03:27.534334682+00:00,740.745,792.0,6.919385213535022,139347.29954540514,139347.29954540514,139347.29954540514,0.0,168.0,0.0,168.0,1,1,1,0.0,0.0,0.0,0,0,0,0,0,0,0,0,0
QQQ,2026-09-22 08:03:27.534334682+00:00,740.745,793.0,7.054384437289485,51569.11026330712,51569.11026330712,51569.11026330712,0.0,64.0,0.0,64.0,1,1,1,0.0,0.0,0.0,0,0,0,0,0,0,0,0,0
QQQ,2026-09-22 08:03:27.534334682+00:00,740.745,794.0,7.189383661043948,143674.78747854245,143674.78747854245,143674.78747854245,0.0,195.0,0.0,195.0,1,1,1,0.0,0.0,0.0,0,0,0,0,0,0,0,0,0
QQQ,2026-09-22 08:03:27.534334682+00:00,740.745,795.0,7.324382884798412,46657535.055951096,56293792.39525608,51475663.72560359,-4818128.669652493,26420.0,3247.0,29667.0,29,29,29,29.0,0.0,29.0,0,0,0,0,0,0,0,0,0
QQQ,2026-09-22 08:03:27.534334682+00:00,740.745,796.0,7.459382108552876,103088.89151185546,103088.89151185546,103088.89151185546,0.0,153.0,0.0,153.0,1,1,1,0.0,0.0,0.0,0,0,0,0,0,0,0,0,0
QQQ,2026-09-22 08:03:27.534334682+00:00,740.745,797.0,7.594381332307338,53748.04436179916,53748.04436179916,53748.04436179916,0.0,85.0,0.0,85.0,1,1,1,0.0,0.0,0.0,0,0,0,0,0,0,0,0,0
QQQ,2026-09-22 08:03:27.534334682+00:00,740.745,798.0,7.729380556061802,91734.53152329155,91734.53152329155,91734.53152329155,0.0,149.0,0.0,149.0,1,1,1,0.0,0.0,0.0,0,0,0,0,0,0,0,0,0
QQQ,2026-09-22 08:03:27.534334682+00:00,740.745,799.0,7.8643797798162645,170322.01932310083,170322.01932310083,170322.01932310083,0.0,284.0,0.0,284.0,1,1,1,0.0,0.0,0.0,0,0,0,0,0,0,0,0,0
QQQ,2026-09-22 08:03:27.534334682+00:00,740.745,800.0,7.99937900357073,328230014.93422735,369303963.077744,348766989.0059857,-20536974.071758337,187173.0,15389.0,202562.0,29,29,29,422.0,0.0,422.0,0,0,0,0,0,0,0,0,0
QQQ,2026-09-22 08:03:27.534334682+00:00,740.745,801.0,8.134378227325193,53525.47701799574,53525.47701799574,53525.47701799574,0.0,102.0,0.0,102.0,1,1,1,0.0,0.0,0.0,0,0,0,0,0,0,0,0,0
QQQ,2026-09-22 08:03:27.534334682+00:00,740.745,802.0,8.269377451079656,95187.37601709554,95187.37601709554,95187.37601709554,0.0,186.0,0.0,186.0,1,1,1,0.0,0.0,0.0,0,0,0,0,0,0,0,0,0
QQQ,2026-09-22 08:03:27.534334682+00:00,740.745,803.0,8.404376674834118,57418.18484966334,57418.18484966334,57418.18484966334,0.0,115.0,0.0,115.0,1,1,1,0.0,0.0,0.0,0,0,0,0,0,0,0,0,0
QQQ,2026-09-22 08:03:27.534334682+00:00,740.745,804.0,8.539375898588581,97643.8438737626,97643.8438737626,97643.8438737626,0.0,210.0,0.0,210.0,1,1,1,0.0,0.0,0.0,0,0,0,0,0,0,0,0,0
QQQ,2026-09-22 08:03:27.534334682+00:00,740.745,805.0,8.674375122343045,68038356.43550074,77318296.53671165,72678326.4861062,-4639970.050605451,38326.0,2924.0,41250.0,29,29,29,294.0,0.0,294.0,0,0,0,0,0,0,0,0,0
QQQ,2026-09-22 08:03:27.534334682+00:00,740.745,806.0,8.80937434609751,27368.470338335457,27368.470338335457,27368.470338335457,0.0,65.0,0.0,65.0,1,1,1,0.0,0.0,0.0,0,0,0,0,0,0,0,0,0
QQQ,2026-09-22 08:03:27.534334682+00:00,740.745,807.0,8.944373569851972,43603.45141152624,43603.45141152624,43603.45141152624,0.0,106.0,0.0,106.0,1,1,1,0.0,0.0,0.0,0,0,0,0,0,0,0,0,0
QQQ,2026-09-22 08:03:27.534334682+00:00,740.745,808.0,9.079372793606435,19698.97861794499,19698.97861794499,19698.97861794499,0.0,49.0,0.0,49.0,1,1,1,0.0,0.0,0.0,0,0,0,0,0,0,0,0,0
QQQ,2026-09-22 08:03:27.534334682+00:00,740.745,809.0,9.2143720173609,38124.333818308856,38124.333818308856,38124.333818308856,0.0,97.0,0.0,97.0,1,1,1,0.0,0.0,0.0,0,0,0,0,0,0,0,0,0
QQQ,2026-09-22 08:03:27.534334682+00:00,740.745,810.0,9.349371241115364,85040211.87216967,103626457.24797215,94333334.56007092,-9293122.687901236,47731.0,5230.0,52961.0,29,29,29,1292.0,0.0,1292.0,0,0,0,0,0,0,0,0,0
QQQ,2026-09-22 08:03:27.534334682+00:00,740.745,811.0,9.484370464869826,30885.541976054516,30885.541976054516,30885.541976054516,0.0,87.0,0.0,87.0,1,1,1,0.0,0.0,0.0,0,0,0,0,0,0,0,0,0
QQQ,2026-09-22 08:03:27.534334682+00:00,740.745,812.0,9.619369688624289,16674.410103076298,16674.410103076298,16674.410103076298,0.0,48.0,0.0,48.0,1,1,1,0.0,0.0,0.0,0,0,0,0,0,0,0,0,0
QQQ,2026-09-22 08:03:27.534334682+00:00,740.745,813.0,9.754368912378752,11561.01839617953,11561.01839617953,11561.01839617953,0.0,34.0,0.0,34.0,1,1,1,0.0,0.0,0.0,0,0,0,0,0,0,0,0,0
QQQ,2026-09-22 08:03:27.534334682+00:00,740.745,814.0,9.889368136133218,14670.384615133651,14670.384615133651,14670.384615133651,0.0,47.0,0.0,47.0,1,1,1,0.0,0.0,0.0,0,0,0,0,0,0,0,0,0
QQQ,2026-09-22 08:03:27.534334682+00:00,740.745,815.0,10.02436735988768,68471646.01083457,78297984.22633763,73384815.11858611,-4913169.1077515315,40996.0,3052.0,44048.0,29,29,29,10.0,0.0,10.0,0,0,0,0,0,0,0,0,0
QQQ,2026-09-22 08:03:27.534334682+00:00,740.745,816.0,10.159366583642143,419534.1748900568,419534.1748900568,419534.1748900568,0.0,1401.0,0.0,1401.0,1,1,1,0.0,0.0,0.0,0,0,0,0,0,0,0,0,0
QQQ,2026-09-22 08:03:27.534334682+00:00,740.745,817.0,10.294365807396606,15258.405292702832,15258.405292702832,15258.405292702832,0.0,52.0,0.0,52.0,1,1,1,0.0,0.0,0.0,0,0,0,0,0,0,0,0,0
QQQ,2026-09-22 08:03:27.534334682+00:00,740.745,818.0,10.42936503115107,5752.156695081336,5752.156695081336,5752.156695081336,0.0,20.0,0.0,20.0,1,1,1,0.0,0.0,0.0,0,0,0,0,0,0,0,0,0
QQQ,2026-09-22 08:03:27.534334682+00:00,740.745,819.0,10.564364254905534,10151.107374334133,10151.107374334133,10151.107374334133,0.0,36.0,0.0,36.0,1,1,1,0.0,0.0,0.0,0,0,0,0,0,0,0,0,0
QQQ,2026-09-22 08:03:27.534334682+00:00,740.745,820.0,10.699363478659997,82096921.96396257,97266347.2146313,89681634.58929692,-7584712.625334362,57942.0,4148.0,62090.0,29,29,29,1.0,0.0,1.0,0,0,0,0,0,0,0,0,0
QQQ,2026-09-22 08:03:27.534334682+00:00,740.745,821.0,10.83436270241446,1356.237454797635,1356.237454797635,1356.237454797635,0.0,5.0,0.0,5.0,1,1,1,0.0,0.0,0.0,0,0,0,0,0,0,0,0,0
QQQ,2026-09-22 08:03:27.534334682+00:00,740.745,822.0,10.969361926168924,10645.469872336658,10645.469872336658,10645.469872336658,0.0,40.0,0.0,40.0,1,1,1,0.0,0.0,0.0,0,0,0,0,0,0,0,0,0
QQQ,2026-09-22 08:03:27.534334682+00:00,740.745,823.0,11.104361149923388,27424.42771262171,27424.42771262171,27424.42771262171,0.0,105.0,0.0,105.0,1,1,1,0.0,0.0,0.0,0,0,0,0,0,0,0,0,0
QQQ,2026-09-22 08:03:27.534334682+00:00,740.745,824.0,11.239360373677851,12384.943238459211,12384.943238459211,12384.943238459211,0.0,52.0,0.0,52.0,1,1,1,0.0,0.0,0.0,0,0,0,0,0,0,0,0,0
QQQ,2026-09-22 08:03:27.534334682+00:00,740.745,825.0,11.374359597432314,41275787.67766789,49469754.52056806,45372771.09911798,-4096983.421450084,33579.0,3577.0,37156.0,29,29,29,106.0,0.0,106.0,0,0,0,0,0,0,0,0,0
QQQ,2026-09-22 08:03:27.534334682+00:00,740.745,826.0,11.509358821186776,13317.999470309984,13317.999470309984,13317.999470309984,0.0,58.0,0.0,58.0,1,1,1,0.0,0.0,0.0,0,0,0,0,0,0,0,0,0
QQQ,2026-09-22 08:03:27.534334682+00:00,740.745,827.0,11.644358044941242,13262.234717831221,13262.234717831221,13262.234717831221,0.0,64.0,0.0,64.0,1,1,1,0.0,0.0,0.0,0,0,0,0,0,0,0,0,0
QQQ,2026-09-22 08:03:27.534334682+00:00,740.745,828.0,11.779357268695705,5496.205133877149,5496.205133877149,5496.205133877149,0.0,27.0,0.0,27.0,1,1,1,0.0,0.0,0.0,0,0,0,0,0,0,0,0,0
QQQ,2026-09-22 08:03:27.534334682+00:00,740.745,829.0,11.914356492450167,13600.724513053126,13600.724513053126,13600.724513053126,0.0,68.0,0.0,68.0,1,1,1,0.0,0.0,0.0,0,0,0,0,0,0,0,0,0
QQQ,2026-09-22 08:03:27.534334682+00:00,740.745,830.0,12.04935571620463,80198301.29617535,83034653.27295917,81616477.28456727,-1418175.988391912,50275.0,1543.0,51818.0,29,29,29,15.0,0.0,15.0,0,0,0,0,0,0,0,0,0
QQQ,2026-09-22 08:03:27.534334682+00:00,740.745,831.0,12.184354939959094,11989.961414578253,11989.961414578253,11989.961414578253,0.0,57.0,0.0,57.0,1,1,1,0.0,0.0,0.0,0,0,0,0,0,0,0,0,0
QQQ,2026-09-22 08:03:27.534334682+00:00,740.745,832.0,12.319354163713559,569.8562078648661,569.8562078648661,569.8562078648661,0.0,3.0,0.0,3.0,1,1,1,0.0,0.0,0.0,0,0,0,0,0,0,0,0,0
QQQ,2026-09-22 08:03:27.534334682+00:00,740.745,833.0,12.454353387468021,7284.6532038586165,7284.6532038586165,7284.6532038586165,0.0,39.0,0.0,39.0,1,1,1,0.0,0.0,0.0,0,0,0,0,0,0,0,0,0
QQQ,2026-09-22 08:03:27.534334682+00:00,740.745,834.0,12.589352611222484,41885.26799981488,41885.26799981488,41885.26799981488,0.0,228.0,0.0,228.0,1,1,1,0.0,0.0,0.0,0,0,0,0,0,0,0,0,0
QQQ,2026-09-22 08:03:27.534334682+00:00,740.745,835.0,12.724351834976948,29422298.367653817,30246187.114500243,29834242.74107703,-411944.37342321326,21840.0,251.0,22091.0,29,29,29,252.0,0.0,252.0,0,0,0,0,0,0,0,0,0
QQQ,2026-09-22 08:03:27.534334682+00:00,740.745,836.0,12.859351058731411,15290.727787336698,15290.727787336698,15290.727787336698,0.0,86.0,0.0,86.0,1,1,1,0.0,0.0,0.0,0,0,0,0,0,0,0,0,0
QQQ,2026-09-22 08:03:27.534334682+00:00,740.745,837.0,12.994350282485875,16796.4964252348,16796.4964252348,16796.4964252348,0.0,96.0,0.0,96.0,1,1,1,0.0,0.0,0.0,0,0,0,0,0,0,0,0,0
QQQ,2026-09-22 08:03:27.534334682+00:00,740.745,838.0,13.12934950624034,25141.627487255097,25141.627487255097,25141.627487255097,0.0,146.0,0.0,146.0,1,1,1,0.0,0.0,0.0,0,0,0,0,0,0,0,0,0
QQQ,2026-09-22 08:03:27.534334682+00:00,740.745,839.0,13.2643487299948,84757.34973442998,84757.34973442998,84757.34973442998,0.0,500.0,0.0,500.0,1,1,1,0.0,0.0,0.0,0,0,0,0,0,0,0,0,0
QQQ,2026-09-22 08:03:27.534334682+00:00,740.745,840.0,13.399347953749267,81186475.31102832,82404440.48114926,81795457.89608878,-608982.585060475,59493.0,674.0,60167.0,29,29,29,764.0,0.0,764.0,0,0,0,0,0,0,0,0,0
